Estrategia,Brecha_precision,Brecha_recall,Brecha_f1,Brecha_tasa_prediccion_positiva
Descubrimiento — umbral 0.35,0.1939845868417297,0.18560707585097824,0.2112891986062717,0.47528151559884496
Equilibrada — umbral 0.55,0.18492663405958204,0.2495756276244081,0.21256267579796995,0.4332016241481234
