Estrategia,Grupo,Canciones,Populares_reales,Tasa_real_popular,Tasa_prediccion_positiva,Precision,Recall,F1-score
Equilibrada — umbral 0.55,Mainstream,521,246,0.472168905950096,0.6641074856046065,0.661849710982659,0.9308943089430894,0.7736486486486487
Equilibrada — umbral 0.55,Latino / emergente,563,91,0.16163410301953818,0.23090586145648312,0.47692307692307695,0.6813186813186813,0.5610859728506787
Descubrimiento — umbral 0.35,Mainstream,521,246,0.472168905950096,0.8234165067178503,0.5664335664335665,0.9878048780487805,0.72
Descubrimiento — umbral 0.35,Latino / emergente,563,91,0.16163410301953818,0.3481349911190053,0.37244897959183676,0.8021978021978022,0.5087108013937283
