Estrategia,Accuracy,Precision,Recall,F1-score,ROC-AUC,PR-AUC
Equilibrada — umbral 0.55,0.8013372956909361,0.5594734367653973,0.7484276729559748,0.64030131826742,0.8698197024202823,0.686026368567539
Descubrimiento — umbral 0.35,0.7028974739970282,0.4376237623762376,0.9034591194968553,0.5896357106208312,0.8698197024202823,0.686026368567539
